sha256	size	path
805f6cb28bb8b6d3a0badd83c93bccd9671fa01a3b4b92b7042b0743325ac243	1069	fflate/LICENSE
99b9fc2712e442daae2623ea798e71ce2eac12a2fb15c00a3670423f840f08cd	147727	fflate/package-lock.json
1f39729fc15f568a3aef326e03b3a2b766ad3b6d43705a11bcb66b2979649c89	3482	fflate/package.json
af29f49b2fe146c497ad9303278a436a772c9438f8de4b44ac3b6835daa6f989	1466	fflate/scripts/buildUMD.ts
354d8150be2ff0b05c5aa68ec3d9386dba63297e34fbb32b5a7322686f813bd8	2902	fflate/scripts/rewriteBuilds.ts
5c53303c081ce37d3c936e34cee6a75acb02fc40630a9f5f584e4afce62fe1c0	116494	fflate/src/index.ts
f025621a72fed25d8ab36d0bd5fd929911f1f763578aba0df99df5a718c11cd1	1238	fflate/src/node-worker.ts
6046799f3838e2c6b3c08132bab5b450bf86530e34193e7baa2fcab2a6615b05	635	fflate/src/worker.ts
b2d8b240045eda4bf7c3e5f0eeb4ef8ff949418acef0f051202d72eaeb7f6ed6	132	fflate/tsconfig.esm.json
98f9a6bee0735f1d6c5056a27a77e1acaceae7b604abb34bd1a0f3d7b7b77a05	135	fflate/tsconfig.json
5e3400b93bbb099e83e52bab885e7441750673c21f97988ca3f1240639b63283	10140	protobuf-ts/LICENSE
0460a34bd1844ef4c4701dfa011a1c2af1b13984696e20c1197f45aacdae33bc	151156	protobuf-ts/package-lock.json
a8f406e9f9fcb96167f7280e89028b6506ff1a310a67402c4d544c27d5dfa78a	1665	protobuf-ts/package.json
5e3400b93bbb099e83e52bab885e7441750673c21f97988ca3f1240639b63283	10140	protobuf-ts/packages/runtime/LICENSE
c13058ff457b3692b2ed6c20110cf3ad67220cc26e5e10de5b50b54e20296237	1444	protobuf-ts/packages/runtime/package.json
a546ac54adac2e90320b1c6baf6058042134d7b155f5a5b2d7b917931f9b5626	1367	protobuf-ts/packages/runtime/README.md
195821d95fa1508831e188994fcb64de76c8da424c5a275747be21621db15fa3	1464	protobuf-ts/packages/runtime/src/assert.ts
a074b696107e3245cc8d337cb9038819d22b5545f77f7af0c8b21354c9cc2e05	3766	protobuf-ts/packages/runtime/src/base64.ts
4eadee34a0268eea9703ff00a3520a401de92aa16edf5005565dd11571ce8d0b	10516	protobuf-ts/packages/runtime/src/binary-format-contract.ts
593313bd7fcd06930543a58559984cfe62e56dcc8e99aef844847d7cb52e941a	6329	protobuf-ts/packages/runtime/src/binary-reader.ts
da4b2732d663d602afa2ed421947c26abe99fe24e0345f7d86dfa0b98e18c220	8322	protobuf-ts/packages/runtime/src/binary-writer.ts
21757a56ce236f013c945f45f930a9d56131d3905e2325c4af341f5f604dcb07	2894	protobuf-ts/packages/runtime/src/enum-object.ts
c67ddb1a02658ac0cf55a0d02234a84dec5cfe705696291a534fecf90f646b80	10026	protobuf-ts/packages/runtime/src/goog-varint.ts
d9329d247f01e2c2e5467ee927563631894fb1a97ebe3ae90c2a750136bc4448	3313	protobuf-ts/packages/runtime/src/index.ts
0177298581754a02a83e649bf984210b4c07adb32b63183ec2a87699de8aec35	3162	protobuf-ts/packages/runtime/src/json-format-contract.ts
6c77cd40414c4f8086bc89cce0d52b642094cda978699d3b64afad755a27ea22	1157	protobuf-ts/packages/runtime/src/json-typings.ts
6c16b27a3644a3b5dafd1fd9ccf31b6a7fadc2be9299a79201d06811c0c50f08	828	protobuf-ts/packages/runtime/src/lower-camel-case.ts
bd93ebcd03785ffcdcb8357be87cd3a1f0c0358fc65f0ca3c2f85639c4a249bf	7061	protobuf-ts/packages/runtime/src/message-type-contract.ts
26eba20b791a76e00fc8c0d6294c0e3cd3f93a4c2c80829c7042a31ec4f391e1	9639	protobuf-ts/packages/runtime/src/message-type.ts
141b6f6ddac8e4e0c18c65da709b919f767cb2031aac0028d16d08bea87f7987	4622	protobuf-ts/packages/runtime/src/oneof.ts
425ff597589281f7ea3292c486cee58e8b17b34e001eb114a149c8060101c57f	9208	protobuf-ts/packages/runtime/src/pb-long.ts
e0438ea743f5a23fd20fd98872f82450e8cdfaa1ed29ad9f38fc134acc280ab3	3247	protobuf-ts/packages/runtime/src/protobufjs-utf8.ts
5bccdea2b498512be8674d85ff28ee17c2c07b51d6505adb878053d3c1d4cd62	8649	protobuf-ts/packages/runtime/src/reflection-binary-reader.ts
a15707149b66acdc1ce940322818ca1d276b0f631ba6ffd027ea5544064b4f93	9600	protobuf-ts/packages/runtime/src/reflection-binary-writer.ts
76936c02d797f6ec7ff1e323a854d3c88fbf797e935e43fd9a8c982863314db2	724	protobuf-ts/packages/runtime/src/reflection-contains-message-type.ts
53e52f46442a866667b61719e0bd7720fe34826d0e63ccd94eb98adfd27268d1	1917	protobuf-ts/packages/runtime/src/reflection-create.ts
8b9448150fde8272f1709c713a5b162ab32524ff4e77a315845dff4ed1b6bf42	3466	protobuf-ts/packages/runtime/src/reflection-equals.ts
927cc7dd96707aca4c28e1bf35565c8cecb84600cb0f28680fa19084ffc93907	14048	protobuf-ts/packages/runtime/src/reflection-info.ts
b451185c948ec88f588a585b8de4dc1ff4aeb935e7133873040a6bdd80bcebee	15276	protobuf-ts/packages/runtime/src/reflection-json-reader.ts
be05fbad87ad57c5a1acbccc37f88fcfe5cce2e7fb81a7c21d5b5ec8f820aadd	11746	protobuf-ts/packages/runtime/src/reflection-json-writer.ts
9df170acf89495e14196117a56c231282c42db601961c22140ebfbd142d33107	687	protobuf-ts/packages/runtime/src/reflection-long-convert.ts
c748780b17122198da17bcdbad9b9f8e7048987845ae5a3bbc8228b0dd9d448e	4471	protobuf-ts/packages/runtime/src/reflection-merge-partial.ts
6f7696b183af1cdb2bccf6ad11913aec7ec6354974b1300c1db3423cccfee2f8	1182	protobuf-ts/packages/runtime/src/reflection-scalar-default.ts
06ad396badbb7c472773e24aa8bafa8c8784ce8647eca5b3255417d0675675a4	9475	protobuf-ts/packages/runtime/src/reflection-type-check.ts
c39921a84d52da7c2e847df9e06c3b5c4ac5daa95ab470651d5ca8649ffe3042	925	protobuf-ts/packages/runtime/src/unknown-types.ts
3439923c980cafebb503827cbc66da7da03dfb4c9875eab6af7fa8970c3801f7	511	protobuf-ts/packages/runtime/tsconfig.base.json
f109f4ccea355c5891d26bf45988b799c2982cd317c2c358c8030118777e7abe	94	protobuf-ts/packages/runtime/tsconfig.build.json
6b0570ee1e9416bfd8296962e33cc778a2c265c6bb82d82ef14177178bb5098d	99	protobuf-ts/packages/runtime/tsconfig.json
7d767f28f764351bdc533e00951e611ceaa98d235f33476caa1bc7ad6654941f	221	protobuf-ts/packages/runtime/tsconfig.test.json
